class,confidence,x0,y0,x1,y1,type,fillcolor,editable,line
2,0.9078905582427979,392.1042785644531,42.57456970214844,447.2023010253906,70.0906982421875,rect,"rgba(0,0,0,0)",True,"{'color': 'red', 'width': 3}"
2,0.9043729305267334,136.0267791748047,28.624502182006836,191.189697265625,55.029815673828125,rect,"rgba(0,0,0,0)",True,"{'color': 'red', 'width': 3}"
1,0.8987067341804504,267.34527587890625,58.778717041015625,323.55804443359375,84.6112289428711,rect,"rgba(0,0,0,0)",True,"{'color': 'royalblue', 'width': 3}"
2,0.896569550037384,638.0645751953125,32.439422607421875,694.3472900390625,61.54524230957031,rect,"rgba(0,0,0,0)",True,"{'color': 'red', 'width': 3}"
1,0.8910077214241028,519.7010498046875,50.09944534301758,574.95849609375,77.31302642822266,rect,"rgba(0,0,0,0)",True,"{'color': 'royalblue', 'width': 3}"
1,0.8837946653366089,14.839822769165039,38.456520080566406,71.26036834716797,70.17676544189453,rect,"rgba(0,0,0,0)",True,"{'color': 'royalblue', 'width': 3}"
