class,confidence,x0,y0,x1,y1,type,fillcolor,editable,line
2,0.8839186429977417,100.82562255859375,71.30094909667969,152.40725708007812,100.99248504638672,rect,"rgba(0,0,0,0)",True,"{'color': 'royalblue', 'width': 3}"
1,0.8226040005683899,37.588687896728516,193.82359313964844,85.42377471923828,225.08274841308594,rect,"rgba(0,0,0,0)",True,"{'color': 'red', 'width': 3}"
1,0.7517988681793213,11.157547950744629,20.7437801361084,39.83056640625,40.7286262512207,rect,"rgba(0,0,0,0)",True,"{'color': 'red', 'width': 3}"
