class,confidence,x0,y0,x1,y1,type,fillcolor,editable,line
2,0.912327229976654,299.9336242675781,144.795166015625,363.0265197753906,175.37139892578125,rect,"rgba(0,0,0,0)",True,"{'color': 'red', 'width': 3}"
1,0.8956388235092163,168.58326721191406,169.77159118652344,230.99656677246094,200.25193786621094,rect,"rgba(0,0,0,0)",True,"{'color': 'royalblue', 'width': 3}"
2,0.892498791217804,36.97632598876953,149.72276306152344,101.16606903076172,179.41806030273438,rect,"rgba(0,0,0,0)",True,"{'color': 'red', 'width': 3}"
1,0.8866205811500549,429.9097900390625,174.98733520507812,493.0712890625,203.9261932373047,rect,"rgba(0,0,0,0)",True,"{'color': 'royalblue', 'width': 3}"
2,0.881868302822113,555.9674072265625,146.6410675048828,624.2902221679688,178.06964111328125,rect,"rgba(0,0,0,0)",True,"{'color': 'red', 'width': 3}"
1,0.8390321135520935,681.2288208007812,173.02146911621094,723.0,200.8599090576172,rect,"rgba(0,0,0,0)",True,"{'color': 'royalblue', 'width': 3}"
