class,confidence,x0,y0,x1,y1,type,fillcolor,editable,line
2,0.9085888862609863,271.7961120605469,175.7052764892578,333.36114501953125,205.84115600585938,rect,"rgba(0,0,0,0)",True,"{'color': 'red', 'width': 3}"
1,0.9079569578170776,402.0430908203125,154.5850830078125,465.1918029785156,183.88099670410156,rect,"rgba(0,0,0,0)",True,"{'color': 'royalblue', 'width': 3}"
2,0.9044538736343384,526.0614013671875,192.6697998046875,586.1170043945312,222.6490478515625,rect,"rgba(0,0,0,0)",True,"{'color': 'red', 'width': 3}"
2,0.8975998163223267,17.792715072631836,181.6265106201172,77.46692657470703,213.13479614257812,rect,"rgba(0,0,0,0)",True,"{'color': 'red', 'width': 3}"
1,0.897357165813446,146.91629028320312,142.9344482421875,208.15658569335938,172.14312744140625,rect,"rgba(0,0,0,0)",True,"{'color': 'royalblue', 'width': 3}"
1,0.881988525390625,650.6953125,158.47161865234375,711.133056640625,194.17343139648438,rect,"rgba(0,0,0,0)",True,"{'color': 'royalblue', 'width': 3}"
