class,confidence,x0,y0,x1,y1,type,fillcolor,editable,line
2,0.9085888862609863,274.7961120605469,178.7052764892578,330.36114501953125,202.84115600585938,rect,"rgba(0,0,0,0)",True,"{'color': 'royalblue', 'width': 3}"
1,0.9079569578170776,405.0430908203125,157.5850830078125,462.1918029785156,180.88099670410156,rect,"rgba(0,0,0,0)",True,"{'color': 'red', 'width': 3}"
2,0.9044538736343384,529.0614013671875,195.6697998046875,583.1170043945312,219.6490478515625,rect,"rgba(0,0,0,0)",True,"{'color': 'royalblue', 'width': 3}"
2,0.8975998163223267,20.792715072631836,184.6265106201172,74.46692657470703,210.13479614257812,rect,"rgba(0,0,0,0)",True,"{'color': 'royalblue', 'width': 3}"
1,0.897357165813446,149.91629028320312,145.9344482421875,205.15658569335938,169.14312744140625,rect,"rgba(0,0,0,0)",True,"{'color': 'red', 'width': 3}"
1,0.881988525390625,653.6953125,161.47161865234375,708.133056640625,191.17343139648438,rect,"rgba(0,0,0,0)",True,"{'color': 'red', 'width': 3}"
