class,confidence,x0,y0,x1,y1,type,fillcolor,editable,line
1,0.9032529592514038,178.03944396972656,147.24185180664062,233.32957458496094,173.04087829589844,rect,"rgba(0,0,0,0)",True,"{'color': 'royalblue', 'width': 3}"
2,0.9017712473869324,574.0244750976562,174.15167236328125,631.7996826171875,199.0825958251953,rect,"rgba(0,0,0,0)",True,"{'color': 'red', 'width': 3}"
2,0.8954447507858276,314.4876708984375,162.57749938964844,376.1270751953125,186.50135803222656,rect,"rgba(0,0,0,0)",True,"{'color': 'red', 'width': 3}"
1,0.8931083083152771,438.1358337402344,144.50445556640625,493.8577880859375,169.74627685546875,rect,"rgba(0,0,0,0)",True,"{'color': 'royalblue', 'width': 3}"
2,0.8877362012863159,52.719303131103516,163.4414520263672,107.40107727050781,191.69219970703125,rect,"rgba(0,0,0,0)",True,"{'color': 'red', 'width': 3}"
0,0.2998785376548767,699.8787231445312,155.2292022705078,722.8067626953125,176.51077270507812,rect,"rgba(0,0,0,0)",True,"{'color': 'grey', 'width': 3}"
