class,confidence,x0,y0,x1,y1,type,fillcolor,editable,line
2,0.9066312313079834,123.70597076416016,71.563232421875,186.20758056640625,102.1065444946289,rect,"rgba(0,0,0,0)",True,"{'color': 'red', 'width': 3}"
2,0.9051360487937927,637.06103515625,56.36918258666992,702.3165283203125,88.26980590820312,rect,"rgba(0,0,0,0)",True,"{'color': 'red', 'width': 3}"
2,0.892738938331604,384.91229248046875,71.06549835205078,449.63970947265625,100.34342193603516,rect,"rgba(0,0,0,0)",True,"{'color': 'red', 'width': 3}"
1,0.8903796672821045,-3.0,49.76921081542969,56.027915954589844,81.76880645751953,rect,"rgba(0,0,0,0)",True,"{'color': 'royalblue', 'width': 3}"
1,0.8707239031791687,252.71273803710938,42.97609329223633,316.0034484863281,84.47602081298828,rect,"rgba(0,0,0,0)",True,"{'color': 'royalblue', 'width': 3}"
1,0.8558902740478516,513.872802734375,38.5552978515625,576.2486572265625,68.64862823486328,rect,"rgba(0,0,0,0)",True,"{'color': 'royalblue', 'width': 3}"
