class,confidence,x0,y0,x1,y1,type,fillcolor,editable,line
2,0.9088640809059143,136.6704559326172,27.162403106689453,191.25123596191406,51.05912780761719,rect,"rgba(0,0,0,0)",True,"{'color': 'royalblue', 'width': 3}"
1,0.9072030186653137,12.847830772399902,51.83985900878906,67.28366088867188,77.05064392089844,rect,"rgba(0,0,0,0)",True,"{'color': 'red', 'width': 3}"
2,0.9012746810913086,648.6566772460938,32.76312255859375,702.1724853515625,59.16535949707031,rect,"rgba(0,0,0,0)",True,"{'color': 'royalblue', 'width': 3}"
1,0.9009701013565063,513.82373046875,62.93587112426758,569.0572509765625,85.16150665283203,rect,"rgba(0,0,0,0)",True,"{'color': 'red', 'width': 3}"
2,0.8884192109107971,390.0149841308594,23.67608070373535,446.332275390625,48.9962158203125,rect,"rgba(0,0,0,0)",True,"{'color': 'royalblue', 'width': 3}"
1,0.8722259998321533,259.4755554199219,58.965187072753906,314.1051940917969,86.2202377319336,rect,"rgba(0,0,0,0)",True,"{'color': 'red', 'width': 3}"
