class,confidence,x0,y0,x1,y1,type,fillcolor,editable,line
2,0.9088640809059143,133.6704559326172,24.162403106689453,194.25123596191406,54.05912780761719,rect,"rgba(0,0,0,0)",True,"{'color': 'red', 'width': 3}"
1,0.9072030186653137,9.847830772399902,48.83985900878906,70.28366088867188,80.05064392089844,rect,"rgba(0,0,0,0)",True,"{'color': 'royalblue', 'width': 3}"
2,0.9012746810913086,645.6566772460938,29.76312255859375,705.1724853515625,62.16535949707031,rect,"rgba(0,0,0,0)",True,"{'color': 'red', 'width': 3}"
1,0.9009701013565063,510.82373046875,59.93587112426758,572.0572509765625,88.16150665283203,rect,"rgba(0,0,0,0)",True,"{'color': 'royalblue', 'width': 3}"
2,0.8884192109107971,387.0149841308594,20.67608070373535,449.332275390625,51.9962158203125,rect,"rgba(0,0,0,0)",True,"{'color': 'red', 'width': 3}"
1,0.8722259998321533,256.4755554199219,55.965187072753906,317.1051940917969,89.2202377319336,rect,"rgba(0,0,0,0)",True,"{'color': 'royalblue', 'width': 3}"
