class,confidence,x0,y0,x1,y1,type,fillcolor,editable,line
1,0.9057316184043884,200.13035583496094,165.26258850097656,256.87208557128906,190.134033203125,rect,"rgba(0,0,0,0)",True,"{'color': 'royalblue', 'width': 3}"
2,0.903377890586853,68.81233978271484,187.71649169921875,123.6861343383789,214.04287719726562,rect,"rgba(0,0,0,0)",True,"{'color': 'red', 'width': 3}"
2,0.9004297852516174,574.950439453125,173.75013732910156,632.0106201171875,200.1793670654297,rect,"rgba(0,0,0,0)",True,"{'color': 'red', 'width': 3}"
1,0.8877494931221008,456.4393310546875,149.7256622314453,513.1845703125,175.92721557617188,rect,"rgba(0,0,0,0)",True,"{'color': 'royalblue', 'width': 3}"
2,0.8826147317886353,331.66375732421875,196.21116638183594,389.23785400390625,222.99717712402344,rect,"rgba(0,0,0,0)",True,"{'color': 'red', 'width': 3}"
1,0.6556759476661682,683.0963745117188,149.41592407226562,722.8854370117188,174.1372833251953,rect,"rgba(0,0,0,0)",True,"{'color': 'royalblue', 'width': 3}"
