class,confidence,x0,y0,x1,y1,type,fillcolor,editable,line
2,0.9076440930366516,162.61434936523438,49.44590759277344,226.8929901123047,79.45497131347656,rect,"rgba(0,0,0,0)",True,"{'color': 'red', 'width': 3}"
1,0.9011662602424622,314.22412109375,42.52531814575195,379.90399169921875,70.1942138671875,rect,"rgba(0,0,0,0)",True,"{'color': 'royalblue', 'width': 3}"
2,0.8962572813034058,469.54901123046875,68.61358642578125,534.9893798828125,98.87915802001953,rect,"rgba(0,0,0,0)",True,"{'color': 'red', 'width': 3}"
1,0.8932009339332581,10.646005630493164,33.927547454833984,74.48123931884766,73.25537109375,rect,"rgba(0,0,0,0)",True,"{'color': 'royalblue', 'width': 3}"
1,0.8406626582145691,618.8839111328125,35.10410690307617,691.2504272460938,72.77381896972656,rect,"rgba(0,0,0,0)",True,"{'color': 'royalblue', 'width': 3}"
