class,confidence,x0,y0,x1,y1,type,fillcolor,editable,line
1,0.9061954021453857,14.296512603759766,165.21583557128906,78.29612731933594,197.68292236328125,rect,"rgba(0,0,0,0)",True,"{'color': 'royalblue', 'width': 3}"
2,0.8994662165641785,159.93655395507812,146.6097412109375,226.35430908203125,179.88934326171875,rect,"rgba(0,0,0,0)",True,"{'color': 'red', 'width': 3}"
1,0.8985625505447388,309.13482666015625,179.99424743652344,375.39947509765625,212.85020446777344,rect,"rgba(0,0,0,0)",True,"{'color': 'royalblue', 'width': 3}"
1,0.8906058669090271,613.6973266601562,179.93017578125,676.9138793945312,211.85940551757812,rect,"rgba(0,0,0,0)",True,"{'color': 'royalblue', 'width': 3}"
2,0.8890841007232666,462.0544738769531,147.5546417236328,528.1035766601562,177.063232421875,rect,"rgba(0,0,0,0)",True,"{'color': 'red', 'width': 3}"
