class,confidence,x0,y0,x1,y1,type,fillcolor,editable,line
2,0.9145039916038513,276.5951232910156,128.0159149169922,328.3303527832031,156.0778350830078,rect,"rgba(0,0,0,0)",True,"{'color': 'royalblue', 'width': 3}"
1,0.9134476184844971,401.9925231933594,117.25367736816406,454.044921875,139.5691680908203,rect,"rgba(0,0,0,0)",True,"{'color': 'red', 'width': 3}"
1,0.8994256258010864,160.01431274414062,83.67359161376953,214.1856231689453,105.97834777832031,rect,"rgba(0,0,0,0)",True,"{'color': 'red', 'width': 3}"
1,0.8973992466926575,637.9912109375,161.41595458984375,690.274658203125,183.94747924804688,rect,"rgba(0,0,0,0)",True,"{'color': 'red', 'width': 3}"
2,0.8931248188018799,34.642539978027344,101.3203125,86.10176849365234,133.03529357910156,rect,"rgba(0,0,0,0)",True,"{'color': 'royalblue', 'width': 3}"
2,0.8860251307487488,512.571044921875,160.11788940429688,567.5827026367188,194.81832885742188,rect,"rgba(0,0,0,0)",True,"{'color': 'royalblue', 'width': 3}"
